words;weight
receptors;3
inhibitors;3
pharmacophore;3
compound;3
virtual screen;3
derivativ;3
prolifer;3
apoptosis;3
electromagnetic;3
antenna;3
breast phantom;3
antagonists;3
kinase;3
nanocomposite;3
methylthiophene;3
phosphate;3
sequenc;1
spectroscopy;3
optic;3
laser;3
radio;1
radia;1
wavelength;3
nucleotide;3
microwave;3
thermoacoustic;3
interferogram;3
1d;3
geometrical;3
image;3
imaging;3
gene;1
dose;1
guidelin;1
computer-aided;3
metabolism;3
peptide;3
dosimetr;3
catalytic;3
robotics;3
dementia;3
fibrobla;3
stroke;3
high-dose;1
low-dose;1
high dose;1
low dose;1
pharmacokin;3
concentrat;3
ionizat;1
letter;3
comment;3
immunodef;1
hiv;1
homosex;1
note on;3
literature search;3
meta-analysis;3